"�ݖ�ID","�ݖ�^�C�v","�J����No","�J����ID","�I����No","�ݖ╶/�I����","�ݖ╶/�I����2"
"SAMPLEID","NA","1","SAMPLEID","","�񓚎�ID",""
"ANSWERDATE","FA","2","ANSWERDATE","","�񓚓���",""
"SEX","SA","3","SEX","","����",""/00.


"","","","","1","�j��",""
"","","","","2","����",""
"AGE","NA","4","AGE","","�N��",""
"AGEID","SA","5","AGEID","","�N��",""
"","","","","48","16��",""
"","","","","49","17��",""
"","","","","51","18��",""
"","","","","52","19��",""
"","","","","53","20��",""
"","","","","56","30��",""
"","","","","59","40��",""
"","","","","62","50��",""
"","","","","65","60��ȏ�",""
"MARRIAGE","SA","6","MARRIAGE","","����",""
"","","","","1","����",""
"","","","","2","����",""
"AREA","SA","7","AREA","","�n��",""
"","","","","8","�k�C���E���k",""
"","","","","16","�֓�",""
"","","","","23","�k���E�b�M�z",""
"","","","","28","���C",""
"","","","","35","�ߋE",""
"","","","","41","����",""
"","","","","46","�l��",""
"","","","","55","��B�E����",""
"PREFECTURE","SA","8","PREFECTURE","","�s���{��",""
"","","","","1","�����s",""
"","","","","2","�k�C��",""
"","","","","3","�X��",""
"","","","","4","��茧",""
"","","","","5","�{�錧",""
"","","","","6","�H�c��",""
"","","","","7","�R�`��",""
"","","","","8","������",""
"","","","","9","��錧",""
"","","","","10","�Ȗ،�",""
"","","","","11","�Q�n��",""
"","","","","12","��ʌ�",""
"","","","","13","��t��",""
"","","","","14","�_�ސ쌧",""
"","","","","15","�V����",""
"","","","","16","�x�R��",""
"","","","","17","�ΐ쌧",""
"","","","","18","���䌧",""
"","","","","19","�R����",""
"","","","","20","���쌧",""
"","","","","21","�򕌌�",""
"","","","","22","�É���",""
"","","","","23","���m��",""
"","","","","24","�O�d��",""
"","","","","25","���ꌧ",""
"","","","","26","���s�{",""
"","","","","27","���{",""
"","","","","28","���Ɍ�",""
"","","","","29","�ޗǌ�",""
"","","","","30","�a�̎R��",""
"","","","","31","���挧",""
"","","","","32","������",""
"","","","","33","���R��",""
"","","","","34","�L����",""
"","","","","35","�R����",""
"","","","","36","������",""
"","","","","37","���쌧",""
"","","","","38","���Q��",""
"","","","","39","���m��",""
"","","","","40","������",""
"","","","","41","���ꌧ",""
"","","","","42","���茧",""
"","","","","43","�F�{��",""
"","","","","44","�啪��",""
"","","","","45","�{�茧",""
"","","","","46","��������",""
"","","","","47","���ꌧ",""
"GROUPID","SA","9","GROUPID","","�������",""
"","","","","1","���t�Ȃ�",""
"Q1","MA","","","","<top><b><font color=""#FF9900"" size=""3"">���f�X�N���[�N��׋������Ă���Ƃ��ɂ��Ă��������������B<br></font><br></b><br></top><br>�f�X�N���[�N��׋������Ă���Ƃ��Ɉ��ނƂ���΂ǂ�����݂܂����B<br>���݂����y�b�g�{�g��������<b>�P�`�R��</b>�I��ł��������B<br><bot><font color=""blue"">�����Ă͂܂���̂��Ȃ��ꍇ���A�w�����Ĉ��ނƂ�����x�Ƃ����P�[�X��z�肵�Ă��������������B</font></bot>",""
"","","10","Q1_1","1","�R�[��",""
"","","11","Q1_2","2","�T�C�_�[",""
"","","12","Q1_3","3","�W���W���G�[��",""
"","","13","Q1_4","4","�������\�[�_",""
"","","14","Q1_5","5","�I�����W�W���[�X",""
"","","15","Q1_6","6","�A�b�v���W���[�X",""
"","","16","Q1_7","7","��؃W���[�X",""
"","","17","Q1_8","8","�g��",""
"","","18","Q1_9","9","�E�[������",""
"","","19","Q1_10","10","�Β�",""
"","","20","Q1_11","11","�J�t�F�I��",""
"","","21","Q1_12","12","���_�����i�J���s�X���j",""
"","","22","Q1_13","13","�~�l�����E�H�[�^�[",""
"","","23","Q1_14","14","�X�|�[�c�h�����N",""
"Q2","MA","","","","�f�X�N���[�N��׋������Ă���Ƃ��ɁA�t�Ɉ��݂����Ȃ�������<b>�P�`�R��</b>�I��ł��������B<bot><font color=""blue"">�����Ă͂܂���̂��Ȃ��ꍇ���A�w�����Ĉ��܂Ȃ����̂�I�ԂƂ�����x�Ƃ����P�[�X��z�肵�Ă��������������B</font></bot>",""
"","","24","Q2_1","1","�R�[��",""
"","","25","Q2_2","2","�T�C�_�[",""
"","","26","Q2_3","3","�W���W���G�[��",""
"","","27","Q2_4","4","�������\�[�_",""
"","","28","Q2_5","5","�I�����W�W���[�X",""
"","","29","Q2_6","6","�A�b�v���W���[�X",""
"","","30","Q2_7","7","��؃W���[�X",""
"","","31","Q2_8","8","�g��",""
"","","32","Q2_9","9","�E�[������",""
"","","33","Q2_10","10","�Β�",""
"","","34","Q2_11","11","�J�t�F�I��",""
"","","35","Q2_12","12","���_�����i�J���s�X���j",""
"","","36","Q2_13","13","�~�l�����E�H�[�^�[",""
"","","37","Q2_14","14","�X�|�[�c�h�����N",""
"Q3","SM","","","","�f�X�N���[�N��׋������Ă���Ƃ��Ɂu���݂����v�u���݂����Ȃ��v�����Ƃ��đI�΂Ȃ��������ݕ��ɂ��āA�u�ǂ��炩�Ƃ����Έ��݂����v�u�ǂ���ł��Ȃ��v�u�ǂ��炩�Ƃ����Έ��݂����Ȃ��v�ɕ��ނ��Ă��������B<br><bot><font color=""blue"">�����ꂼ��̕]�����Ƃ̑I������{���͖₢�܂��񂪁A�K���P��͂��I�т��������B<br></font></bot>",""
"","","38","Q3_1","","�R�[��",""
"","","","","1","�ǂ��炩�Ƃ����Έ��݂���",""
"","","","","2","�ǂ���ł��Ȃ�",""
"","","","","3","�ǂ��炩�Ƃ����Έ��݂����Ȃ�",""
"","","39","Q3_2","","�T�C�_�[",""
"","","","","1","�ǂ��炩�Ƃ����Έ��݂���",""
"","","","","2","�ǂ���ł��Ȃ�",""
"","","","","3","�ǂ��炩�Ƃ����Έ��݂����Ȃ�",""
"","","40","Q3_3","","�W���W���G�[��",""
"","","","","1","�ǂ��炩�Ƃ����Έ��݂���",""
"","","","","2","�ǂ���ł��Ȃ�",""
"","","","","3","�ǂ��炩�Ƃ����Έ��݂����Ȃ�",""
"","","41","Q3_4","","�������\�[�_",""
"","","","","1","�ǂ��炩�Ƃ����Έ��݂���",""
"","","","","2","�ǂ���ł��Ȃ�",""
"","","","","3","�ǂ��炩�Ƃ����Έ��݂����Ȃ�",""
"","","42","Q3_5","","�I�����W�W���[�X",""
"","","","","1","�ǂ��炩�Ƃ����Έ��݂���",""
"","","","","2","�ǂ���ł��Ȃ�",""
"","","","","3","�ǂ��炩�Ƃ����Έ��݂����Ȃ�",""
"","","43","Q3_6","","�A�b�v���W���[�X",""
"","","","","1","�ǂ��炩�Ƃ����Έ��݂���",""
"","","","","2","�ǂ���ł��Ȃ�",""
"","","","","3","�ǂ��炩�Ƃ����Έ��݂����Ȃ�",""
"","","44","Q3_7","","��؃W���[�X",""
"","","","","1","�ǂ��炩�Ƃ����Έ��݂���",""
"","","","","2","�ǂ���ł��Ȃ�",""
"","","","","3","�ǂ��炩�Ƃ����Έ��݂����Ȃ�",""
"","","45","Q3_8","","�g��",""
"","","","","1","�ǂ��炩�Ƃ����Έ��݂���",""
"","","","","2","�ǂ���ł��Ȃ�",""
"","","","","3","�ǂ��炩�Ƃ����Έ��݂����Ȃ�",""
"","","46","Q3_9","","�E�[������",""
"","","","","1","�ǂ��炩�Ƃ����Έ��݂���",""
"","","","","2","�ǂ���ł��Ȃ�",""
"","","","","3","�ǂ��炩�Ƃ����Έ��݂����Ȃ�",""
"","","47","Q3_10","","�Β�",""
"","","","","1","�ǂ��炩�Ƃ����Έ��݂���",""
"","","","","2","�ǂ���ł��Ȃ�",""
"","","","","3","�ǂ��炩�Ƃ����Έ��݂����Ȃ�",""
"","","48","Q3_11","","�J�t�F�I��",""
"","","","","1","�ǂ��炩�Ƃ����Έ��݂���",""
"","","","","2","�ǂ���ł��Ȃ�",""
"","","","","3","�ǂ��炩�Ƃ����Έ��݂����Ȃ�",""
"","","49","Q3_12","","���_�����i�J���s�X���j",""
"","","","","1","�ǂ��炩�Ƃ����Έ��݂���",""
"","","","","2","�ǂ���ł��Ȃ�",""
"","","","","3","�ǂ��炩�Ƃ����Έ��݂����Ȃ�",""
"","","50","Q3_13","","�~�l�����E�H�[�^�[",""
"","","","","1","�ǂ��炩�Ƃ����Έ��݂���",""
"","","","","2","�ǂ���ł��Ȃ�",""
"","","","","3","�ǂ��炩�Ƃ����Έ��݂����Ȃ�",""
"","","51","Q3_14","","�X�|�[�c�h�����N",""
"","","","","1","�ǂ��炩�Ƃ����Έ��݂���",""
"","","","","2","�ǂ���ł��Ȃ�",""
"","","","","3","�ǂ��炩�Ƃ����Έ��݂����Ȃ�",""
"Q4","MA","","","","<top><b><font color=""#FF9900"" size=""3"">�����O�ł̎d�����Ƃ̂Ƃ��ɂ��Ă��������������B<br></font><br></b><br></top><br>���O�ł̎d�����Ƃ̂Ƃ��Ɉ��ނƂ���΂ǂ�����݂܂����B<br>���݂����y�b�g�{�g��������<b>�P�`�R��</b>�I��ł��������B<br><bot><font color=""blue"">�����Ă͂܂���̂��Ȃ��ꍇ���A�w�����Ĉ��ނƂ�����x�Ƃ����P�[�X��z�肵�Ă��������������B</font></bot>",""
"","","52","Q4_1","1","�R�[��",""
"","","53","Q4_2","2","�T�C�_�[",""
"","","54","Q4_3","3","�W���W���G�[��",""
"","","55","Q4_4","4","�������\�[�_",""
"","","56","Q4_5","5","�I�����W�W���[�X",""
"","","57","Q4_6","6","�A�b�v���W���[�X",""
"","","58","Q4_7","7","��؃W���[�X",""
"","","59","Q4_8","8","�g��",""
"","","60","Q4_9","9","�E�[������",""
"","","61","Q4_10","10","�Β�",""
"","","62","Q4_11","11","�J�t�F�I��",""
"","","63","Q4_12","12","���_�����i�J���s�X���j",""
"","","64","Q4_13","13","�~�l�����E�H�[�^�[",""
"","","65","Q4_14","14","�X�|�[�c�h�����N",""
"Q5","MA","","","","���O�ł̎d�����Ƃ̂Ƃ��ɁA�t�Ɉ��݂����Ȃ�������<b>�P�`�R��</b>�I��ł��������B<br><bot><font color=""blue"">�����Ă͂܂���̂��Ȃ��ꍇ���A�w�����Ĉ��܂Ȃ����̂�I�ԂƂ�����x�Ƃ����P�[�X��z�肵�Ă��������������B</font></bot>",""
"","","66","Q5_1","1","�R�[��",""
"","","67","Q5_2","2","�T�C�_�[",""
"","","68","Q5_3","3","�W���W���G�[��",""
"","","69","Q5_4","4","�������\�[�_",""
"","","70","Q5_5","5","�I�����W�W���[�X",""
"","","71","Q5_6","6","�A�b�v���W���[�X",""
"","","72","Q5_7","7","��؃W���[�X",""
"","","73","Q5_8","8","�g��",""
"","","74","Q5_9","9","�E�[������",""
"","","75","Q5_10","10","�Β�",""
"","","76","Q5_11","11","�J�t�F�I��",""
"","","77","Q5_12","12","���_�����i�J���s�X���j",""
"","","78","Q5_13","13","�~�l�����E�H�[�^�[",""
"","","79","Q5_14","14","�X�|�[�c�h�����N",""
"Q6","SM","","","","���O�ł̎d�����Ƃ̂Ƃ��Ɂu���݂����v�u���݂����Ȃ��v�����Ƃ��đI�΂Ȃ��������ݕ��ɂ��āA�u�ǂ��炩�Ƃ����Έ��݂����v�u�ǂ���ł��Ȃ��v�u�ǂ��炩�Ƃ����Έ��݂����Ȃ��v�ɕ��ނ��Ă��������B<bot><font color=""blue"">�����ꂼ��̕]�����Ƃ̑I������{���͖₢�܂��񂪁A�K���P��͂��I�т��������B</font></bot>",""
"","","80","Q6_1","","�R�[��",""
"","","","","1","�ǂ��炩�Ƃ����Έ��݂���",""
"","","","","2","�ǂ���ł��Ȃ�",""
"","","","","3","�ǂ��炩�Ƃ����Έ��݂����Ȃ�",""
"","","81","Q6_2","","�T�C�_�[",""
"","","","","1","�ǂ��炩�Ƃ����Έ��݂���",""
"","","","","2","�ǂ���ł��Ȃ�",""
"","","","","3","�ǂ��炩�Ƃ����Έ��݂����Ȃ�",""
"","","82","Q6_3","","�W���W���G�[��",""
"","","","","1","�ǂ��炩�Ƃ����Έ��݂���",""
"","","","","2","�ǂ���ł��Ȃ�",""
"","","","","3","�ǂ��炩�Ƃ����Έ��݂����Ȃ�",""
"","","83","Q6_4","","�������\�[�_",""
"","","","","1","�ǂ��炩�Ƃ����Έ��݂���",""
"","","","","2","�ǂ���ł��Ȃ�",""
"","","","","3","�ǂ��炩�Ƃ����Έ��݂����Ȃ�",""
"","","84","Q6_5","","�I�����W�W���[�X",""
"","","","","1","�ǂ��炩�Ƃ����Έ��݂���",""
"","","","","2","�ǂ���ł��Ȃ�",""
"","","","","3","�ǂ��炩�Ƃ����Έ��݂����Ȃ�",""
"","","85","Q6_6","","�A�b�v���W���[�X",""
"","","","","1","�ǂ��炩�Ƃ����Έ��݂���",""
"","","","","2","�ǂ���ł��Ȃ�",""
"","","","","3","�ǂ��炩�Ƃ����Έ��݂����Ȃ�",""
"","","86","Q6_7","","��؃W���[�X",""
"","","","","1","�ǂ��炩�Ƃ����Έ��݂���",""
"","","","","2","�ǂ���ł��Ȃ�",""
"","","","","3","�ǂ��炩�Ƃ����Έ��݂����Ȃ�",""
"","","87","Q6_8","","�g��",""
"","","","","1","�ǂ��炩�Ƃ����Έ��݂���",""
"","","","","2","�ǂ���ł��Ȃ�",""
"","","","","3","�ǂ��炩�Ƃ����Έ��݂����Ȃ�",""
"","","88","Q6_9","","�E�[������",""
"","","","","1","�ǂ��炩�Ƃ����Έ��݂���",""
"","","","","2","�ǂ���ł��Ȃ�",""
"","","","","3","�ǂ��炩�Ƃ����Έ��݂����Ȃ�",""
"","","89","Q6_10","","�Β�",""
"","","","","1","�ǂ��炩�Ƃ����Έ��݂���",""
"","","","","2","�ǂ���ł��Ȃ�",""
"","","","","3","�ǂ��炩�Ƃ����Έ��݂����Ȃ�",""
"","","90","Q6_11","","�J�t�F�I��",""
"","","","","1","�ǂ��炩�Ƃ����Έ��݂���",""
"","","","","2","�ǂ���ł��Ȃ�",""
"","","","","3","�ǂ��炩�Ƃ����Έ��݂����Ȃ�",""
"","","91","Q6_12","","���_�����i�J���s�X���j",""
"","","","","1","�ǂ��炩�Ƃ����Έ��݂���",""
"","","","","2","�ǂ���ł��Ȃ�",""
"","","","","3","�ǂ��炩�Ƃ����Έ��݂����Ȃ�",""
"","","92","Q6_13","","�~�l�����E�H�[�^�[",""
"","","","","1","�ǂ��炩�Ƃ����Έ��݂���",""
"","","","","2","�ǂ���ł��Ȃ�",""
"","","","","3","�ǂ��炩�Ƃ����Έ��݂����Ȃ�",""
"","","93","Q6_14","","�X�|�[�c�h�����N",""
"","","","","1","�ǂ��炩�Ƃ����Έ��݂���",""
"","","","","2","�ǂ���ł��Ȃ�",""
"","","","","3","�ǂ��炩�Ƃ����Έ��݂����Ȃ�",""
"Q7","MA","","","","<top><b><font color=""#FF9900"" size=""3"">���d����׋��̋x�e���ԁA����^�C���ɂ��Ă��������������B<br></font><br></b><br></top><br>�d����׋��̋x�e���ԁA����^�C���Ɉ��ނƂ���΂ǂ�����݂܂����B<br>���݂����y�b�g�{�g��������<b>�P�`�R��</b>�I��ł��������B<br><bot><font color=""blue"">�����Ă͂܂���̂��Ȃ��ꍇ���A�w�����Ĉ��ނƂ�����x�Ƃ����P�[�X��z�肵�Ă��������������B</font></bot>",""
"","","94","Q7_1","1","�R�[��",""
"","","95","Q7_2","2","�T�C�_�[",""
"","","96","Q7_3","3","�W���W���G�[��",""
"","","97","Q7_4","4","�������\�[�_",""
"","","98","Q7_5","5","�I�����W�W���[�X",""
"","","99","Q7_6","6","�A�b�v���W���[�X",""
"","","100","Q7_7","7","��؃W���[�X",""
"","","101","Q7_8","8","�g��",""
"","","102","Q7_9","9","�E�[������",""
"","","103","Q7_10","10","�Β�",""
"","","104","Q7_11","11","�J�t�F�I��",""
"","","105","Q7_12","12","���_�����i�J���s�X���j",""
"","","106","Q7_13","13","�~�l�����E�H�[�^�[",""
"","","107","Q7_14","14","�X�|�[�c�h�����N",""
"Q8","MA","","","","�d����׋��̋x�e���ԁA����^�C���ɁA�t�Ɉ��݂����Ȃ�������<b>�P�`�R��</b>�I��ł��������B<br><bot><font color=""blue"">�����Ă͂܂���̂��Ȃ��ꍇ���A�w�����Ĉ��܂Ȃ����̂�I�ԂƂ�����x�Ƃ����P�[�X��z�肵�Ă��������������B</font></bot>",""
"","","108","Q8_1","1","�R�[��",""
"","","109","Q8_2","2","�T�C�_�[",""
"","","110","Q8_3","3","�W���W���G�[��",""
"","","111","Q8_4","4","�������\�[�_",""
"","","112","Q8_5","5","�I�����W�W���[�X",""
"","","113","Q8_6","6","�A�b�v���W���[�X",""
"","","114","Q8_7","7","��؃W���[�X",""
"","","115","Q8_8","8","�g��",""
"","","116","Q8_9","9","�E�[������",""
"","","117","Q8_10","10","�Β�",""
"","","118","Q8_11","11","�J�t�F�I��",""
"","","119","Q8_12","12","���_�����i�J���s�X���j",""
"","","120","Q8_13","13","�~�l�����E�H�[�^�[",""
"","","121","Q8_14","14","�X�|�[�c�h�����N",""
"Q9","SM","","","","�d����׋��̋x�e���ԁA����^�C���Ɂu���݂����v�u���݂����Ȃ��v�����Ƃ��đI�΂Ȃ��������ݕ��ɂ��āA�u�ǂ��炩�Ƃ����Έ��݂����v�u�ǂ���ł��Ȃ��v�u�ǂ��炩�Ƃ����Έ��݂����Ȃ��v�ɕ��ނ��Ă��������B<bot><font color=""blue"">�����ꂼ��̕]�����Ƃ̑I������{���͖₢�܂��񂪁A�K���P��͂��I�т��������B</font></bot>",""
"","","122","Q9_1","","�R�[��",""
"","","","","1","�ǂ��炩�Ƃ����Έ��݂���",""
"","","","","2","�ǂ���ł��Ȃ�",""
"","","","","3","�ǂ��炩�Ƃ����Έ��݂����Ȃ�",""
"","","123","Q9_2","","�T�C�_�[",""
"","","","","1","�ǂ��炩�Ƃ����Έ��݂���",""
"","","","","2","�ǂ���ł��Ȃ�",""
"","","","","3","�ǂ��炩�Ƃ����Έ��݂����Ȃ�",""
"","","124","Q9_3","","�W���W���G�[��",""
"","","","","1","�ǂ��炩�Ƃ����Έ��݂���",""
"","","","","2","�ǂ���ł��Ȃ�",""
"","","","","3","�ǂ��炩�Ƃ����Έ��݂����Ȃ�",""
"","","125","Q9_4","","�������\�[�_",""
"","","","","1","�ǂ��炩�Ƃ����Έ��݂���",""
"","","","","2","�ǂ���ł��Ȃ�",""
"","","","","3","�ǂ��炩�Ƃ����Έ��݂����Ȃ�",""
"","","126","Q9_5","","�I�����W�W���[�X",""
"","","","","1","�ǂ��炩�Ƃ����Έ��݂���",""
"","","","","2","�ǂ���ł��Ȃ�",""
"","","","","3","�ǂ��炩�Ƃ����Έ��݂����Ȃ�",""
"","","127","Q9_6","","�A�b�v���W���[�X",""
"","","","","1","�ǂ��炩�Ƃ����Έ��݂���",""
"","","","","2","�ǂ���ł��Ȃ�",""
"","","","","3","�ǂ��炩�Ƃ����Έ��݂����Ȃ�",""
"","","128","Q9_7","","��؃W���[�X",""
"","","","","1","�ǂ��炩�Ƃ����Έ��݂���",""
"","","","","2","�ǂ���ł��Ȃ�",""
"","","","","3","�ǂ��炩�Ƃ����Έ��݂����Ȃ�",""
"","","129","Q9_8","","�g��",""
"","","","","1","�ǂ��炩�Ƃ����Έ��݂���",""
"","","","","2","�ǂ���ł��Ȃ�",""
"","","","","3","�ǂ��炩�Ƃ����Έ��݂����Ȃ�",""
"","","130","Q9_9","","�E�[������",""
"","","","","1","�ǂ��炩�Ƃ����Έ��݂���",""
"","","","","2","�ǂ���ł��Ȃ�",""
"","","","","3","�ǂ��炩�Ƃ����Έ��݂����Ȃ�",""
"","","131","Q9_10","","�Β�",""
"","","","","1","�ǂ��炩�Ƃ����Έ��݂���",""
"","","","","2","�ǂ���ł��Ȃ�",""
"","","","","3","�ǂ��炩�Ƃ����Έ��݂����Ȃ�",""
"","","132","Q9_11","","�J�t�F�I��",""
"","","","","1","�ǂ��炩�Ƃ����Έ��݂���",""
"","","","","2","�ǂ���ł��Ȃ�",""
"","","","","3","�ǂ��炩�Ƃ����Έ��݂����Ȃ�",""
"","","133","Q9_12","","���_�����i�J���s�X���j",""
"","","","","1","�ǂ��炩�Ƃ����Έ��݂���",""
"","","","","2","�ǂ���ł��Ȃ�",""
"","","","","3","�ǂ��炩�Ƃ����Έ��݂����Ȃ�",""
"","","134","Q9_13","","�~�l�����E�H�[�^�[",""
"","","","","1","�ǂ��炩�Ƃ����Έ��݂���",""
"","","","","2","�ǂ���ł��Ȃ�",""
"","","","","3","�ǂ��炩�Ƃ����Έ��݂����Ȃ�",""
"","","135","Q9_14","","�X�|�[�c�h�����N",""
"","","","","1","�ǂ��炩�Ƃ����Έ��݂���",""
"","","","","2","�ǂ���ł��Ȃ�",""
"","","","","3","�ǂ��炩�Ƃ����Έ��݂����Ȃ�",""
"Q10","MA","","","","<top><b><font color=""#FF9900"" size=""3"">���e���r�A�r�f�I�A�Ǐ��A�Q�[���Ȃǎ����ŗV�ԂƂ��ɂ��Ă��������������B<br></font><br></b><br></top><br>�e���r�A�r�f�I�A�Ǐ��A�Q�[���Ȃǎ����ŗV�ԂƂ��Ɉ��ނƂ���΂ǂ�����݂܂����B<br>���݂����y�b�g�{�g��������<b>�P�`�R��</b>�I��ł��������B<br><bot><font color=""blue"">�����Ă͂܂���̂��Ȃ��ꍇ���A�w�����Ĉ��ނƂ�����x�Ƃ����P�[�X��z�肵�Ă��������������B</font></bot>",""
"","","136","Q10_1","1","�R�[��",""
"","","137","Q10_2","2","�T�C�_�[",""
"","","138","Q10_3","3","�W���W���G�[��",""
"","","139","Q10_4","4","�������\�[�_",""
"","","140","Q10_5","5","�I�����W�W���[�X",""
"","","141","Q10_6","6","�A�b�v���W���[�X",""
"","","142","Q10_7","7","��؃W���[�X",""
"","","143","Q10_8","8","�g��",""
"","","144","Q10_9","9","�E�[������",""
"","","145","Q10_10","10","�Β�",""
"","","146","Q10_11","11","�J�t�F�I��",""
"","","147","Q10_12","12","���_�����i�J���s�X���j",""
"","","148","Q10_13","13","�~�l�����E�H�[�^�[",""
"","","149","Q10_14","14","�X�|�[�c�h�����N",""
"Q11","MA","","","","�e���r�A�r�f�I�A�Ǐ��A�Q�[���Ȃǎ����ŗV�ԂƂ��ɁA�t�Ɉ��݂����Ȃ�������<b>�P�`�R��</b>�I��ł��������B<br><bot><font color=""blue"">�����Ă͂܂���̂��Ȃ��ꍇ���A�w�����Ĉ��܂Ȃ����̂�I�ԂƂ�����x�Ƃ����P�[�X��z�肵�Ă��������������B</font></bot>",""
"","","150","Q11_1","1","�R�[��",""
"","","151","Q11_2","2","�T�C�_�[",""
"","","152","Q11_3","3","�W���W���G�[��",""
"","","153","Q11_4","4","�������\�[�_",""
"","","154","Q11_5","5","�I�����W�W���[�X",""
"","","155","Q11_6","6","�A�b�v���W���[�X",""
"","","156","Q11_7","7","��؃W���[�X",""
"","","157","Q11_8","8","�g��",""
"","","158","Q11_9","9","�E�[������",""
"","","159","Q11_10","10","�Β�",""
"","","160","Q11_11","11","�J�t�F�I��",""
"","","161","Q11_12","12","���_�����i�J���s�X���j",""
"","","162","Q11_13","13","�~�l�����E�H�[�^�[",""
"","","163","Q11_14","14","�X�|�[�c�h�����N",""
"Q12","SM","","","","�e���r�A�r�f�I�A�Ǐ��A�Q�[���Ȃǎ����ŗV�ԂƂ��Ɂu���݂����v�u���݂����Ȃ��v�����Ƃ��đI�΂Ȃ��������ݕ��ɂ��āA�u�ǂ��炩�Ƃ����Έ��݂����v�u�ǂ���ł��Ȃ��v�u�ǂ��炩�Ƃ����Έ��݂����Ȃ��v�ɕ��ނ��Ă��������B<bot><font color=""blue"">�����ꂼ��̕]�����Ƃ̑I������{���͖₢�܂��񂪁A�K���P��͂��I�т��������B</font></bot>",""
"","","164","Q12_1","","�R�[��",""
"","","","","1","�ǂ��炩�Ƃ����Έ��݂���",""
"","","","","2","�ǂ���ł��Ȃ�",""
"","","","","3","�ǂ��炩�Ƃ����Έ��݂����Ȃ�",""
"","","165","Q12_2","","�T�C�_�[",""
"","","","","1","�ǂ��炩�Ƃ����Έ��݂���",""
"","","","","2","�ǂ���ł��Ȃ�",""
"","","","","3","�ǂ��炩�Ƃ����Έ��݂����Ȃ�",""
"","","166","Q12_3","","�W���W���G�[��",""
"","","","","1","�ǂ��炩�Ƃ����Έ��݂���",""
"","","","","2","�ǂ���ł��Ȃ�",""
"","","","","3","�ǂ��炩�Ƃ����Έ��݂����Ȃ�",""
"","","167","Q12_4","","�������\�[�_",""
"","","","","1","�ǂ��炩�Ƃ����Έ��݂���",""
"","","","","2","�ǂ���ł��Ȃ�",""
"","","","","3","�ǂ��炩�Ƃ����Έ��݂����Ȃ�",""
"","","168","Q12_5","","�I�����W�W���[�X",""
"","","","","1","�ǂ��炩�Ƃ����Έ��݂���",""
"","","","","2","�ǂ���ł��Ȃ�",""
"","","","","3","�ǂ��炩�Ƃ����Έ��݂����Ȃ�",""
"","","169","Q12_6","","�A�b�v���W���[�X",""
"","","","","1","�ǂ��炩�Ƃ����Έ��݂���",""
"","","","","2","�ǂ���ł��Ȃ�",""
"","","","","3","�ǂ��炩�Ƃ����Έ��݂����Ȃ�",""
"","","170","Q12_7","","��؃W���[�X",""
"","","","","1","�ǂ��炩�Ƃ����Έ��݂���",""
"","","","","2","�ǂ���ł��Ȃ�",""
"","","","","3","�ǂ��炩�Ƃ����Έ��݂����Ȃ�",""
"","","171","Q12_8","","�g��",""
"","","","","1","�ǂ��炩�Ƃ����Έ��݂���",""
"","","","","2","�ǂ���ł��Ȃ�",""
"","","","","3","�ǂ��炩�Ƃ����Έ��݂����Ȃ�",""
"","","172","Q12_9","","�E�[������",""
"","","","","1","�ǂ��炩�Ƃ����Έ��݂���",""
"","","","","2","�ǂ���ł��Ȃ�",""
"","","","","3","�ǂ��炩�Ƃ����Έ��݂����Ȃ�",""
"","","173","Q12_10","","�Β�",""
"","","","","1","�ǂ��炩�Ƃ����Έ��݂���",""
"","","","","2","�ǂ���ł��Ȃ�",""
"","","","","3","�ǂ��炩�Ƃ����Έ��݂����Ȃ�",""
"","","174","Q12_11","","�J�t�F�I��",""
"","","","","1","�ǂ��炩�Ƃ����Έ��݂���",""
"","","","","2","�ǂ���ł��Ȃ�",""
"","","","","3","�ǂ��炩�Ƃ����Έ��݂����Ȃ�",""
"","","175","Q12_12","","���_�����i�J���s�X���j",""
"","","","","1","�ǂ��炩�Ƃ����Έ��݂���",""
"","","","","2","�ǂ���ł��Ȃ�",""
"","","","","3","�ǂ��炩�Ƃ����Έ��݂����Ȃ�",""
"","","176","Q12_13","","�~�l�����E�H�[�^�[",""
"","","","","1","�ǂ��炩�Ƃ����Έ��݂���",""
"","","","","2","�ǂ���ł��Ȃ�",""
"","","","","3","�ǂ��炩�Ƃ����Έ��݂����Ȃ�",""
"","","177","Q12_14","","�X�|�[�c�h�����N",""
"","","","","1","�ǂ��炩�Ƃ����Έ��݂���",""
"","","","","2","�ǂ���ł��Ȃ�",""
"","","","","3","�ǂ��炩�Ƃ����Έ��݂����Ȃ�",""
"Q13","MA","","","","<top><b><font color=""#FF9900"" size=""3"">���X�|�[�c��G�N�T�T�C�Y�̂Ƃ��ɂ��Ă��������������B<br></font><br></b><br></top><br>�X�|�[�c��G�N�T�T�C�Y�̂Ƃ��Ɉ��ނƂ���΂ǂ�����݂܂����B<br>���݂����y�b�g�{�g��������<b>�P�`�R��</b>�I��ł��������B<br><bot><font color=""blue"">�����Ă͂܂���̂��Ȃ��ꍇ���A�w�����Ĉ��ނƂ�����x�Ƃ����P�[�X��z�肵�Ă��������������B</font></bot>",""
"","","178","Q13_1","1","�R�[��",""
"","","179","Q13_2","2","�T�C�_�[",""
"","","180","Q13_3","3","�W���W���G�[��",""
"","","181","Q13_4","4","�������\�[�_",""
"","","182","Q13_5","5","�I�����W�W���[�X",""
"","","183","Q13_6","6","�A�b�v���W���[�X",""
"","","184","Q13_7","7","��؃W���[�X",""
"","","185","Q13_8","8","�g��",""
"","","186","Q13_9","9","�E�[������",""
"","","187","Q13_10","10","�Β�",""
"","","188","Q13_11","11","�J�t�F�I��",""
"","","189","Q13_12","12","���_�����i�J���s�X���j",""
"","","190","Q13_13","13","�~�l�����E�H�[�^�[",""
"","","191","Q13_14","14","�X�|�[�c�h�����N",""
"Q14","MA","","","","�X�|�[�c��G�N�T�T�C�Y�̂Ƃ��ɁA�t�Ɉ��݂����Ȃ�������<b>�P�`�R��</b>�I��ł��������B<br><bot><font color=""blue"">�����Ă͂܂���̂��Ȃ��ꍇ���A�w�����Ĉ��܂Ȃ����̂�I�ԂƂ�����x�Ƃ����P�[�X��z�肵�Ă��������������B</font></bot>",""
"","","192","Q14_1","1","�R�[��",""
"","","193","Q14_2","2","�T�C�_�[",""
"","","194","Q14_3","3","�W���W���G�[��",""
"","","195","Q14_4","4","�������\�[�_",""
"","","196","Q14_5","5","�I�����W�W���[�X",""
"","","197","Q14_6","6","�A�b�v���W���[�X",""
"","","198","Q14_7","7","��؃W���[�X",""
"","","199","Q14_8","8","�g��",""
"","","200","Q14_9","9","�E�[������",""
"","","201","Q14_10","10","�Β�",""
"","","202","Q14_11","11","�J�t�F�I��",""
"","","203","Q14_12","12","���_�����i�J���s�X���j",""
"","","204","Q14_13","13","�~�l�����E�H�[�^�[",""
"","","205","Q14_14","14","�X�|�[�c�h�����N",""
"Q15","SM","","","","�X�|�[�c��G�N�T�T�C�Y�̂Ƃ��Ɂu���݂����v�u���݂����Ȃ��v�����Ƃ��đI�΂Ȃ��������ݕ��ɂ��āA�u�ǂ��炩�Ƃ����Έ��݂����v�u�ǂ���ł��Ȃ��v�u�ǂ��炩�Ƃ����Έ��݂����Ȃ��v�ɕ��ނ��Ă��������B<bot><font color=""blue"">�����ꂼ��̕]�����Ƃ̑I������{���͖₢�܂��񂪁A�K���P��͂��I�т��������B</font></bot>",""
"","","206","Q15_1","","�R�[��",""
"","","","","1","�ǂ��炩�Ƃ����Έ��݂���",""
"","","","","2","�ǂ���ł��Ȃ�",""
"","","","","3","�ǂ��炩�Ƃ����Έ��݂����Ȃ�",""
"","","207","Q15_2","","�T�C�_�[",""
"","","","","1","�ǂ��炩�Ƃ����Έ��݂���",""
"","","","","2","�ǂ���ł��Ȃ�",""
"","","","","3","�ǂ��炩�Ƃ����Έ��݂����Ȃ�",""
"","","208","Q15_3","","�W���W���G�[��",""
"","","","","1","�ǂ��炩�Ƃ����Έ��݂���",""
"","","","","2","�ǂ���ł��Ȃ�",""
"","","","","3","�ǂ��炩�Ƃ����Έ��݂����Ȃ�",""
"","","209","Q15_4","","�������\�[�_",""
"","","","","1","�ǂ��炩�Ƃ����Έ��݂���",""
"","","","","2","�ǂ���ł��Ȃ�",""
"","","","","3","�ǂ��炩�Ƃ����Έ��݂����Ȃ�",""
"","","210","Q15_5","","�I�����W�W���[�X",""
"","","","","1","�ǂ��炩�Ƃ����Έ��݂���",""
"","","","","2","�ǂ���ł��Ȃ�",""
"","","","","3","�ǂ��炩�Ƃ����Έ��݂����Ȃ�",""
"","","211","Q15_6","","�A�b�v���W���[�X",""
"","","","","1","�ǂ��炩�Ƃ����Έ��݂���",""
"","","","","2","�ǂ���ł��Ȃ�",""
"","","","","3","�ǂ��炩�Ƃ����Έ��݂����Ȃ�",""
"","","212","Q15_7","","��؃W���[�X",""
"","","","","1","�ǂ��炩�Ƃ����Έ��݂���",""
"","","","","2","�ǂ���ł��Ȃ�",""
"","","","","3","�ǂ��炩�Ƃ����Έ��݂����Ȃ�",""
"","","213","Q15_8","","�g��",""
"","","","","1","�ǂ��炩�Ƃ����Έ��݂���",""
"","","","","2","�ǂ���ł��Ȃ�",""
"","","","","3","�ǂ��炩�Ƃ����Έ��݂����Ȃ�",""
"","","214","Q15_9","","�E�[������",""
"","","","","1","�ǂ��炩�Ƃ����Έ��݂���",""
"","","","","2","�ǂ���ł��Ȃ�",""
"","","","","3","�ǂ��炩�Ƃ����Έ��݂����Ȃ�",""
"","","215","Q15_10","","�Β�",""
"","","","","1","�ǂ��炩�Ƃ����Έ��݂���",""
"","","","","2","�ǂ���ł��Ȃ�",""
"","","","","3","�ǂ��炩�Ƃ����Έ��݂����Ȃ�",""
"","","216","Q15_11","","�J�t�F�I��",""
"","","","","1","�ǂ��炩�Ƃ����Έ��݂���",""
"","","","","2","�ǂ���ł��Ȃ�",""
"","","","","3","�ǂ��炩�Ƃ����Έ��݂����Ȃ�",""
"","","217","Q15_12","","���_�����i�J���s�X���j",""
"","","","","1","�ǂ��炩�Ƃ����Έ��݂���",""
"","","","","2","�ǂ���ł��Ȃ�",""
"","","","","3","�ǂ��炩�Ƃ����Έ��݂����Ȃ�",""
"","","218","Q15_13","","�~�l�����E�H�[�^�[",""
"","","","","1","�ǂ��炩�Ƃ����Έ��݂���",""
"","","","","2","�ǂ���ł��Ȃ�",""
"","","","","3","�ǂ��炩�Ƃ����Έ��݂����Ȃ�",""
"","","219","Q15_14","","�X�|�[�c�h�����N",""
"","","","","1","�ǂ��炩�Ƃ����Έ��݂���",""
"","","","","2","�ǂ���ł��Ȃ�",""
"","","","","3","�ǂ��炩�Ƃ����Έ��݂����Ȃ�",""
"Q16","MA","","","","<top><b><font color=""#FF9900"" size=""3"">���C������n�C�L���O�A�ނ�Ȃǉ��O�ŗV�ԂƂ��ɂ��Ă��������������B</font></b></top>�C������n�C�L���O�A�ނ�Ȃǉ��O�ŗV�ԂƂ��Ɉ��ނƂ���΂ǂ�����݂܂����B���݂����y�b�g�{�g��������<b>�P�`�R��</b>�I��ł��������B<bot><font color=""blue"">�����Ă͂܂���̂��Ȃ��ꍇ���A�w�����Ĉ��ނƂ�����x�Ƃ����P�[�X��z�肵�Ă��������������B</font></bot>",""
"","","220","Q16_1","1","�R�[��",""
"","","221","Q16_2","2","�T�C�_�[",""
"","","222","Q16_3","3","�W���W���G�[��",""
"","","223","Q16_4","4","�������\�[�_",""
"","","224","Q16_5","5","�I�����W�W���[�X",""
"","","225","Q16_6","6","�A�b�v���W���[�X",""
"","","226","Q16_7","7","��؃W���[�X",""
"","","227","Q16_8","8","�g��",""
"","","228","Q16_9","9","�E�[������",""
"","","229","Q16_10","10","�Β�",""
"","","230","Q16_11","11","�J�t�F�I��",""
"","","231","Q16_12","12","���_�����i�J���s�X���j",""
"","","232","Q16_13","13","�~�l�����E�H�[�^�[",""
"","","233","Q16_14","14","�X�|�[�c�h�����N",""
"Q17","MA","","","","�C������n�C�L���O�A�ނ�Ȃǉ��O�ŗV�ԂƂ��ɁA�t�Ɉ��݂����Ȃ�������<b>�P�`�R��</b>�I��ł��������B<br><bot><font color=""blue"">�����Ă͂܂���̂��Ȃ��ꍇ���A�w�����Ĉ��܂Ȃ����̂�I�ԂƂ�����x�Ƃ����P�[�X��z�肵�Ă��������������B</font></bot>",""
"","","234","Q17_1","1","�R�[��",""
"","","235","Q17_2","2","�T�C�_�[",""
"","","236","Q17_3","3","�W���W���G�[��",""
"","","237","Q17_4","4","�������\�[�_",""
"","","238","Q17_5","5","�I�����W�W���[�X",""
"","","239","Q17_6","6","�A�b�v���W���[�X",""
"","","240","Q17_7","7","��؃W���[�X",""
"","","241","Q17_8","8","�g��",""
"","","242","Q17_9","9","�E�[������",""
"","","243","Q17_10","10","�Β�",""
"","","244","Q17_11","11","�J�t�F�I��",""
"","","245","Q17_12","12","���_�����i�J���s�X���j",""
"","","246","Q17_13","13","�~�l�����E�H�[�^�[",""
"","","247","Q17_14","14","�X�|�[�c�h�����N",""
"Q18","SM","","","","�C������n�C�L���O�A�ނ�Ȃǉ��O�ŗV�ԂƂ��Ɂu���݂����v�u���݂����Ȃ��v�����Ƃ��đI�΂Ȃ��������ݕ��ɂ��āA�u�ǂ��炩�Ƃ����Έ��݂����v�u�ǂ���ł��Ȃ��v�u�ǂ��炩�Ƃ����Έ��݂����Ȃ��v�ɕ��ނ��Ă��������B<br><bot><font color=""blue"">�����ꂼ��̕]�����Ƃ̑I������{���͖₢�܂��񂪁A�K���P��͂��I�т��������B<br></font></bot>",""
"","","248","Q18_1","","�R�[��",""
"","","","","1","�ǂ��炩�Ƃ����Έ��݂���",""
"","","","","2","�ǂ���ł��Ȃ�",""
"","","","","3","�ǂ��炩�Ƃ����Έ��݂����Ȃ�",""
"","","249","Q18_2","","�T�C�_�[",""
"","","","","1","�ǂ��炩�Ƃ����Έ��݂���",""
"","","","","2","�ǂ���ł��Ȃ�",""
"","","","","3","�ǂ��炩�Ƃ����Έ��݂����Ȃ�",""
"","","250","Q18_3","","�W���W���G�[��",""
"","","","","1","�ǂ��炩�Ƃ����Έ��݂���",""
"","","","","2","�ǂ���ł��Ȃ�",""
"","","","","3","�ǂ��炩�Ƃ����Έ��݂����Ȃ�",""
"","","251","Q18_4","","�������\�[�_",""
"","","","","1","�ǂ��炩�Ƃ����Έ��݂���",""
"","","","","2","�ǂ���ł��Ȃ�",""
"","","","","3","�ǂ��炩�Ƃ����Έ��݂����Ȃ�",""
"","","252","Q18_5","","�I�����W�W���[�X",""
"","","","","1","�ǂ��炩�Ƃ����Έ��݂���",""
"","","","","2","�ǂ���ł��Ȃ�",""
"","","","","3","�ǂ��炩�Ƃ����Έ��݂����Ȃ�",""
"","","253","Q18_6","","�A�b�v���W���[�X",""
"","","","","1","�ǂ��炩�Ƃ����Έ��݂���",""
"","","","","2","�ǂ���ł��Ȃ�",""
"","","","","3","�ǂ��炩�Ƃ����Έ��݂����Ȃ�",""
"","","254","Q18_7","","��؃W���[�X",""
"","","","","1","�ǂ��炩�Ƃ����Έ��݂���",""
"","","","","2","�ǂ���ł��Ȃ�",""
"","","","","3","�ǂ��炩�Ƃ����Έ��݂����Ȃ�",""
"","","255","Q18_8","","�g��",""
"","","","","1","�ǂ��炩�Ƃ����Έ��݂���",""
"","","","","2","�ǂ���ł��Ȃ�",""
"","","","","3","�ǂ��炩�Ƃ����Έ��݂����Ȃ�",""
"","","256","Q18_9","","�E�[������",""
"","","","","1","�ǂ��炩�Ƃ����Έ��݂���",""
"","","","","2","�ǂ���ł��Ȃ�",""
"","","","","3","�ǂ��炩�Ƃ����Έ��݂����Ȃ�",""
"","","257","Q18_10","","�Β�",""
"","","","","1","�ǂ��炩�Ƃ����Έ��݂���",""
"","","","","2","�ǂ���ł��Ȃ�",""
"","","","","3","�ǂ��炩�Ƃ����Έ��݂����Ȃ�",""
"","","258","Q18_11","","�J�t�F�I��",""
"","","","","1","�ǂ��炩�Ƃ����Έ��݂���",""
"","","","","2","�ǂ���ł��Ȃ�",""
"","","","","3","�ǂ��炩�Ƃ����Έ��݂����Ȃ�",""
"","","259","Q18_12","","���_�����i�J���s�X���j",""
"","","","","1","�ǂ��炩�Ƃ����Έ��݂���",""
"","","","","2","�ǂ���ł��Ȃ�",""
"","","","","3","�ǂ��炩�Ƃ����Έ��݂����Ȃ�",""
"","","260","Q18_13","","�~�l�����E�H�[�^�[",""
"","","","","1","�ǂ��炩�Ƃ����Έ��݂���",""
"","","","","2","�ǂ���ł��Ȃ�",""
"","","","","3","�ǂ��炩�Ƃ����Έ��݂����Ȃ�",""
"","","261","Q18_14","","�X�|�[�c�h�����N",""
"","","","","1","�ǂ��炩�Ƃ����Έ��݂���",""
"","","","","2","�ǂ���ł��Ȃ�",""
"","","","","3","�ǂ��炩�Ƃ����Έ��݂����Ȃ�",""
"Q19","MA","","","","<top><b><font color=""#FF9900"" size=""3"">���Ԃ��ԂȂǂňړ�����Ƃ��ɂ��Ă��������������B</font></b></top>�Ԃ��ԂȂǂňړ�����Ƃ��Ɉ��ނƂ���΂ǂ�����݂܂����B���݂����y�b�g�{�g��������<b>�P�`�R��</b>�I��ł��������B<bot><font color=""blue"">�����Ă͂܂���̂��Ȃ��ꍇ���A�w�����Ĉ��ނƂ�����x�Ƃ����P�[�X��z�肵�Ă��������������B</font></bot>",""
"","","262","Q19_1","1","�R�[��",""
"","","263","Q19_2","2","�T�C�_�[",""
"","","264","Q19_3","3","�W���W���G�[��",""
"","","265","Q19_4","4","�������\�[�_",""
"","","266","Q19_5","5","�I�����W�W���[�X",""
"","","267","Q19_6","6","�A�b�v���W���[�X",""
"","","268","Q19_7","7","��؃W���[�X",""
"","","269","Q19_8","8","�g��",""
"","","270","Q19_9","9","�E�[������",""
"","","271","Q19_10","10","�Β�",""
"","","272","Q19_11","11","�J�t�F�I��",""
"","","273","Q19_12","12","���_�����i�J���s�X���j",""
"","","274","Q19_13","13","�~�l�����E�H�[�^�[",""
"","","275","Q19_14","14","�X�|�[�c�h�����N",""
"Q20","MA","","","","�Ԃ��ԂȂǂňړ�����Ƃ��ɁA�t�Ɉ��݂����Ȃ�������<b>�P�`�R��</b>�I��ł��������B<br><bot><font color=""blue"">�����Ă͂܂���̂��Ȃ��ꍇ���A�w�����Ĉ��܂Ȃ����̂�I�ԂƂ�����x�Ƃ����P�[�X��z�肵�Ă��������������B</font></bot>",""
"","","276","Q20_1","1","�R�[��",""
"","","277","Q20_2","2","�T�C�_�[",""
"","","278","Q20_3","3","�W���W���G�[��",""
"","","279","Q20_4","4","�������\�[�_",""
"","","280","Q20_5","5","�I�����W�W���[�X",""
"","","281","Q20_6","6","�A�b�v���W���[�X",""
"","","282","Q20_7","7","��؃W���[�X",""
"","","283","Q20_8","8","�g��",""
"","","284","Q20_9","9","�E�[������",""
"","","285","Q20_10","10","�Β�",""
"","","286","Q20_11","11","�J�t�F�I��",""
"","","287","Q20_12","12","���_�����i�J���s�X���j",""
"","","288","Q20_13","13","�~�l�����E�H�[�^�[",""
"","","289","Q20_14","14","�X�|�[�c�h�����N",""
"Q21","SM","","","","�Ԃ��ԂȂǂňړ�����Ƃ��Ɂu���݂����v�u���݂����Ȃ��v�����Ƃ��đI�΂Ȃ��������ݕ��ɂ��āA�u�ǂ��炩�Ƃ����Έ��݂����v�u�ǂ���ł��Ȃ��v�u�ǂ��炩�Ƃ����Έ��݂����Ȃ��v�ɕ��ނ��Ă��������B<br><bot><font color=""blue"">�����ꂼ��̕]�����Ƃ̑I������{���͖₢�܂��񂪁A�K���P��͂��I�т��������B<br></font></bot>",""
"","","290","Q21_1","","�R�[��",""
"","","","","1","�ǂ��炩�Ƃ����Έ��݂���",""
"","","","","2","�ǂ���ł��Ȃ�",""
"","","","","3","�ǂ��炩�Ƃ����Έ��݂����Ȃ�",""
"","","291","Q21_2","","�T�C�_�[",""
"","","","","1","�ǂ��炩�Ƃ����Έ��݂���",""
"","","","","2","�ǂ���ł��Ȃ�",""
"","","","","3","�ǂ��炩�Ƃ����Έ��݂����Ȃ�",""
"","","292","Q21_3","","�W���W���G�[��",""
"","","","","1","�ǂ��炩�Ƃ����Έ��݂���",""
"","","","","2","�ǂ���ł��Ȃ�",""
"","","","","3","�ǂ��炩�Ƃ����Έ��݂����Ȃ�",""
"","","293","Q21_4","","�������\�[�_",""
"","","","","1","�ǂ��炩�Ƃ����Έ��݂���",""
"","","","","2","�ǂ���ł��Ȃ�",""
"","","","","3","�ǂ��炩�Ƃ����Έ��݂����Ȃ�",""
"","","294","Q21_5","","�I�����W�W���[�X",""
"","","","","1","�ǂ��炩�Ƃ����Έ��݂���",""
"","","","","2","�ǂ���ł��Ȃ�",""
"","","","","3","�ǂ��炩�Ƃ����Έ��݂����Ȃ�",""
"","","295","Q21_6","","�A�b�v���W���[�X",""
"","","","","1","�ǂ��炩�Ƃ����Έ��݂���",""
"","","","","2","�ǂ���ł��Ȃ�",""
"","","","","3","�ǂ��炩�Ƃ����Έ��݂����Ȃ�",""
"","","296","Q21_7","","��؃W���[�X",""
"","","","","1","�ǂ��炩�Ƃ����Έ��݂���",""
"","","","","2","�ǂ���ł��Ȃ�",""
"","","","","3","�ǂ��炩�Ƃ����Έ��݂����Ȃ�",""
"","","297","Q21_8","","�g��",""
"","","","","1","�ǂ��炩�Ƃ����Έ��݂���",""
"","","","","2","�ǂ���ł��Ȃ�",""
"","","","","3","�ǂ��炩�Ƃ����Έ��݂����Ȃ�",""
"","","298","Q21_9","","�E�[������",""
"","","","","1","�ǂ��炩�Ƃ����Έ��݂���",""
"","","","","2","�ǂ���ł��Ȃ�",""
"","","","","3","�ǂ��炩�Ƃ����Έ��݂����Ȃ�",""
"","","299","Q21_10","","�Β�",""
"","","","","1","�ǂ��炩�Ƃ����Έ��݂���",""
"","","","","2","�ǂ���ł��Ȃ�",""
"","","","","3","�ǂ��炩�Ƃ����Έ��݂����Ȃ�",""
"","","300","Q21_11","","�J�t�F�I��",""
"","","","","1","�ǂ��炩�Ƃ����Έ��݂���",""
"","","","","2","�ǂ���ł��Ȃ�",""
"","","","","3","�ǂ��炩�Ƃ����Έ��݂����Ȃ�",""
"","","301","Q21_12","","���_�����i�J���s�X���j",""
"","","","","1","�ǂ��炩�Ƃ����Έ��݂���",""
"","","","","2","�ǂ���ł��Ȃ�",""
"","","","","3","�ǂ��炩�Ƃ����Έ��݂����Ȃ�",""
"","","302","Q21_13","","�~�l�����E�H�[�^�[",""
"","","","","1","�ǂ��炩�Ƃ����Έ��݂���",""
"","","","","2","�ǂ���ł��Ȃ�",""
"","","","","3","�ǂ��炩�Ƃ����Έ��݂����Ȃ�",""
"","","303","Q21_14","","�X�|�[�c�h�����N",""
"","","","","1","�ǂ��炩�Ƃ����Έ��݂���",""
"","","","","2","�ǂ���ł��Ȃ�",""
"","","","","3","�ǂ��炩�Ƃ����Έ��݂����Ȃ�",""
"Q22","MA","","","","<top><b><font color=""#FF9900"" size=""3"">�������`�₨�ٓ��Ȃǂ̐H�����ɂ��Ă��������������B<br></font><br></b><br></top><br>�����`�₨�ٓ��Ȃǂ̐H�����Ɉ��ނƂ���΂ǂ�����݂܂����B<br>���݂����y�b�g�{�g��������<b>�P�`�R��</b>�I��ł��������B<br><bot><font color=""blue"">�����Ă͂܂���̂��Ȃ��ꍇ���A�w�����Ĉ��ނƂ�����x�Ƃ����P�[�X��z�肵�Ă��������������B</font></bot>",""
"","","304","Q22_1","1","�R�[��",""
"","","305","Q22_2","2","�T�C�_�[",""
"","","306","Q22_3","3","�W���W���G�[��",""
"","","307","Q22_4","4","�������\�[�_",""
"","","308","Q22_5","5","�I�����W�W���[�X",""
"","","309","Q22_6","6","�A�b�v���W���[�X",""
"","","310","Q22_7","7","��؃W���[�X",""
"","","311","Q22_8","8","�g��",""
"","","312","Q22_9","9","�E�[������",""
"","","313","Q22_10","10","�Β�",""
"","","314","Q22_11","11","�J�t�F�I��",""
"","","315","Q22_12","12","���_�����i�J���s�X���j",""
"","","316","Q22_13","13","�~�l�����E�H�[�^�[",""
"","","317","Q22_14","14","�X�|�[�c�h�����N",""
"Q23","MA","","","","�����`�₨�ٓ��Ȃǂ̐H�����ɁA�t�Ɉ��݂����Ȃ�������<b>�P�`�R��</b>�I��ł��������B<br><bot><font color=""blue"">�����Ă͂܂���̂��Ȃ��ꍇ���A�w�����Ĉ��܂Ȃ����̂�I�ԂƂ�����x�Ƃ����P�[�X��z�肵�Ă��������������B</font></bot>",""
"","","318","Q23_1","1","�R�[��",""
"","","319","Q23_2","2","�T�C�_�[",""
"","","320","Q23_3","3","�W���W���G�[��",""
"","","321","Q23_4","4","�������\�[�_",""
"","","322","Q23_5","5","�I�����W�W���[�X",""
"","","323","Q23_6","6","�A�b�v���W���[�X",""
"","","324","Q23_7","7","��؃W���[�X",""
"","","325","Q23_8","8","�g��",""
"","","326","Q23_9","9","�E�[������",""
"","","327","Q23_10","10","�Β�",""
"","","328","Q23_11","11","�J�t�F�I��",""
"","","329","Q23_12","12","���_�����i�J���s�X���j",""
"","","330","Q23_13","13","�~�l�����E�H�[�^�[",""
"","","331","Q23_14","14","�X�|�[�c�h�����N",""
"Q24","SM","","","","�����`�₨�ٓ��Ȃǂ̐H�����Ɂu���݂����v�u���݂����Ȃ��v�����Ƃ��đI�΂Ȃ��������ݕ��ɂ��āA�u�ǂ��炩�Ƃ����Έ��݂����v�u�ǂ���ł��Ȃ��v�u�ǂ��炩�Ƃ����Έ��݂����Ȃ��v�ɕ��ނ��Ă��������B<bot><font color=""blue"">�����ꂼ��̕]�����Ƃ̑I������{���͖₢�܂��񂪁A�K���P��͂��I�т��������B</font></bot>",""
"","","332","Q24_1","","�R�[��",""
"","","","","1","�ǂ��炩�Ƃ����Έ��݂���",""
"","","","","2","�ǂ���ł��Ȃ�",""
"","","","","3","�ǂ��炩�Ƃ����Έ��݂����Ȃ�",""
"","","333","Q24_2","","�T�C�_�[",""
"","","","","1","�ǂ��炩�Ƃ����Έ��݂���",""
"","","","","2","�ǂ���ł��Ȃ�",""
"","","","","3","�ǂ��炩�Ƃ����Έ��݂����Ȃ�",""
"","","334","Q24_3","","�W���W���G�[��",""
"","","","","1","�ǂ��炩�Ƃ����Έ��݂���",""
"","","","","2","�ǂ���ł��Ȃ�",""
"","","","","3","�ǂ��炩�Ƃ����Έ��݂����Ȃ�",""
"","","335","Q24_4","","�������\�[�_",""
"","","","","1","�ǂ��炩�Ƃ����Έ��݂���",""
"","","","","2","�ǂ���ł��Ȃ�",""
"","","","","3","�ǂ��炩�Ƃ����Έ��݂����Ȃ�",""
"","","336","Q24_5","","�I�����W�W���[�X",""
"","","","","1","�ǂ��炩�Ƃ����Έ��݂���",""
"","","","","2","�ǂ���ł��Ȃ�",""
"","","","","3","�ǂ��炩�Ƃ����Έ��݂����Ȃ�",""
"","","337","Q24_6","","�A�b�v���W���[�X",""
"","","","","1","�ǂ��炩�Ƃ����Έ��݂���",""
"","","","","2","�ǂ���ł��Ȃ�",""
"","","","","3","�ǂ��炩�Ƃ����Έ��݂����Ȃ�",""
"","","338","Q24_7","","��؃W���[�X",""
"","","","","1","�ǂ��炩�Ƃ����Έ��݂���",""
"","","","","2","�ǂ���ł��Ȃ�",""
"","","","","3","�ǂ��炩�Ƃ����Έ��݂����Ȃ�",""
"","","339","Q24_8","","�g��",""
"","","","","1","�ǂ��炩�Ƃ����Έ��݂���",""
"","","","","2","�ǂ���ł��Ȃ�",""
"","","","","3","�ǂ��炩�Ƃ����Έ��݂����Ȃ�",""
"","","340","Q24_9","","�E�[������",""
"","","","","1","�ǂ��炩�Ƃ����Έ��݂���",""
"","","","","2","�ǂ���ł��Ȃ�",""
"","","","","3","�ǂ��炩�Ƃ����Έ��݂����Ȃ�",""
"","","341","Q24_10","","�Β�",""
"","","","","1","�ǂ��炩�Ƃ����Έ��݂���",""
"","","","","2","�ǂ���ł��Ȃ�",""
"","","","","3","�ǂ��炩�Ƃ����Έ��݂����Ȃ�",""
"","","342","Q24_11","","�J�t�F�I��",""
"","","","","1","�ǂ��炩�Ƃ����Έ��݂���",""
"","","","","2","�ǂ���ł��Ȃ�",""
"","","","","3","�ǂ��炩�Ƃ����Έ��݂����Ȃ�",""
"","","343","Q24_12","","���_�����i�J���s�X���j",""
"","","","","1","�ǂ��炩�Ƃ����Έ��݂���",""
"","","","","2","�ǂ���ł��Ȃ�",""
"","","","","3","�ǂ��炩�Ƃ����Έ��݂����Ȃ�",""
"","","344","Q24_13","","�~�l�����E�H�[�^�[",""
"","","","","1","�ǂ��炩�Ƃ����Έ��݂���",""
"","","","","2","�ǂ���ł��Ȃ�",""
"","","","","3","�ǂ��炩�Ƃ����Έ��݂����Ȃ�",""
"","","345","Q24_14","","�X�|�[�c�h�����N",""
"","","","","1","�ǂ��炩�Ƃ����Έ��݂���",""
"","","","","2","�ǂ���ł��Ȃ�",""
"","","","","3","�ǂ��炩�Ƃ����Έ��݂����Ȃ�",""
"Q25","MA","","","","<top><b><font color=""#FF9900"" size=""3"">�����N�����Ƃ��ɂ��Ă��������������B<br></font><br></b><br></top><br>���N�����Ƃ��Ɉ��ނƂ���΂ǂ�����݂܂����B<br>���݂����y�b�g�{�g��������<b>�P�`�R��</b>�I��ł��������B<br><bot><font color=""blue"">�����Ă͂܂���̂��Ȃ��ꍇ���A�w�����Ĉ��ނƂ�����x�Ƃ����P�[�X��z�肵�Ă��������������B</font></bot>",""
"","","346","Q25_1","1","�R�[��",""
"","","347","Q25_2","2","�T�C�_�[",""
"","","348","Q25_3","3","�W���W���G�[��",""
"","","349","Q25_4","4","�������\�[�_",""
"","","350","Q25_5","5","�I�����W�W���[�X",""
"","","351","Q25_6","6","�A�b�v���W���[�X",""
"","","352","Q25_7","7","��؃W���[�X",""
"","","353","Q25_8","8","�g��",""
"","","354","Q25_9","9","�E�[������",""
"","","355","Q25_10","10","�Β�",""
"","","356","Q25_11","11","�J�t�F�I��",""
"","","357","Q25_12","12","���_�����i�J���s�X���j",""
"","","358","Q25_13","13","�~�l�����E�H�[�^�[",""
"","","359","Q25_14","14","�X�|�[�c�h�����N",""
"Q26","MA","","","","���N�����Ƃ��ɁA�t�Ɉ��݂����Ȃ�������<b>�P�`�R��</b>�I��ł��������B<br><bot><font color=""blue"">�����Ă͂܂���̂��Ȃ��ꍇ���A�w�����Ĉ��܂Ȃ����̂�I�ԂƂ�����x�Ƃ����P�[�X��z�肵�Ă��������������B</font></bot>",""
"","","360","Q26_1","1","�R�[��",""
"","","361","Q26_2","2","�T�C�_�[",""
"","","362","Q26_3","3","�W���W���G�[��",""
"","","363","Q26_4","4","�������\�[�_",""
"","","364","Q26_5","5","�I�����W�W���[�X",""
"","","365","Q26_6","6","�A�b�v���W���[�X",""
"","","366","Q26_7","7","��؃W���[�X",""
"","","367","Q26_8","8","�g��",""
"","","368","Q26_9","9","�E�[������",""
"","","369","Q26_10","10","�Β�",""
"","","370","Q26_11","11","�J�t�F�I��",""
"","","371","Q26_12","12","���_�����i�J���s�X���j",""
"","","372","Q26_13","13","�~�l�����E�H�[�^�[",""
"","","373","Q26_14","14","�X�|�[�c�h�����N",""
"Q27","SM","","","","���N�����Ƃ��Ɂu���݂����v�u���݂����Ȃ��v�����Ƃ��đI�΂Ȃ��������ݕ��ɂ��āA�u�ǂ��炩�Ƃ����Έ��݂����v�u�ǂ���ł��Ȃ��v�u�ǂ��炩�Ƃ����Έ��݂����Ȃ��v�ɕ��ނ��Ă��������B<bot><font color=""blue"">�����ꂼ��̕]�����Ƃ̑I������{���͖₢�܂��񂪁A�K���P��͂��I�т��������B</font></bot>",""
"","","374","Q27_1","","�R�[��",""
"","","","","1","�ǂ��炩�Ƃ����Έ��݂���",""
"","","","","2","�ǂ���ł��Ȃ�",""
"","","","","3","�ǂ��炩�Ƃ����Έ��݂����Ȃ�",""
"","","375","Q27_2","","�T�C�_�[",""
"","","","","1","�ǂ��炩�Ƃ����Έ��݂���",""
"","","","","2","�ǂ���ł��Ȃ�",""
"","","","","3","�ǂ��炩�Ƃ����Έ��݂����Ȃ�",""
"","","376","Q27_3","","�W���W���G�[��",""
"","","","","1","�ǂ��炩�Ƃ����Έ��݂���",""
"","","","","2","�ǂ���ł��Ȃ�",""
"","","","","3","�ǂ��炩�Ƃ����Έ��݂����Ȃ�",""
"","","377","Q27_4","","�������\�[�_",""
"","","","","1","�ǂ��炩�Ƃ����Έ��݂���",""
"","","","","2","�ǂ���ł��Ȃ�",""
"","","","","3","�ǂ��炩�Ƃ����Έ��݂����Ȃ�",""
"","","378","Q27_5","","�I�����W�W���[�X",""
"","","","","1","�ǂ��炩�Ƃ����Έ��݂���",""
"","","","","2","�ǂ���ł��Ȃ�",""
"","","","","3","�ǂ��炩�Ƃ����Έ��݂����Ȃ�",""
"","","379","Q27_6","","�A�b�v���W���[�X",""
"","","","","1","�ǂ��炩�Ƃ����Έ��݂���",""
"","","","","2","�ǂ���ł��Ȃ�",""
"","","","","3","�ǂ��炩�Ƃ����Έ��݂����Ȃ�",""
"","","380","Q27_7","","��؃W���[�X",""
"","","","","1","�ǂ��炩�Ƃ����Έ��݂���",""
"","","","","2","�ǂ���ł��Ȃ�",""
"","","","","3","�ǂ��炩�Ƃ����Έ��݂����Ȃ�",""
"","","381","Q27_8","","�g��",""
"","","","","1","�ǂ��炩�Ƃ����Έ��݂���",""
"","","","","2","�ǂ���ł��Ȃ�",""
"","","","","3","�ǂ��炩�Ƃ����Έ��݂����Ȃ�",""
"","","382","Q27_9","","�E�[������",""
"","","","","1","�ǂ��炩�Ƃ����Έ��݂���",""
"","","","","2","�ǂ���ł��Ȃ�",""
"","","","","3","�ǂ��炩�Ƃ����Έ��݂����Ȃ�",""
"","","383","Q27_10","","�Β�",""
"","","","","1","�ǂ��炩�Ƃ����Έ��݂���",""
"","","","","2","�ǂ���ł��Ȃ�",""
"","","","","3","�ǂ��炩�Ƃ����Έ��݂����Ȃ�",""
"","","384","Q27_11","","�J�t�F�I��",""
"","","","","1","�ǂ��炩�Ƃ����Έ��݂���",""
"","","","","2","�ǂ���ł��Ȃ�",""
"","","","","3","�ǂ��炩�Ƃ����Έ��݂����Ȃ�",""
"","","385","Q27_12","","���_�����i�J���s�X���j",""
"","","","","1","�ǂ��炩�Ƃ����Έ��݂���",""
"","","","","2","�ǂ���ł��Ȃ�",""
"","","","","3","�ǂ��炩�Ƃ����Έ��݂����Ȃ�",""
"","","386","Q27_13","","�~�l�����E�H�[�^�[",""
"","","","","1","�ǂ��炩�Ƃ����Έ��݂���",""
"","","","","2","�ǂ���ł��Ȃ�",""
"","","","","3","�ǂ��炩�Ƃ����Έ��݂����Ȃ�",""
"","","387","Q27_14","","�X�|�[�c�h�����N",""
"","","","","1","�ǂ��炩�Ƃ����Έ��݂���",""
"","","","","2","�ǂ���ł��Ȃ�",""
"","","","","3","�ǂ��炩�Ƃ����Έ��݂����Ȃ�",""
"Q28","MA","","","","<top><b><font color=""#FF9900"" size=""3"">����Q��O�ɂ��Ă��������������B<br></font><br></b><br></top><br>��Q��O�Ɉ��ނƂ���΂ǂ�����݂܂����B<br>���݂����y�b�g�{�g��������<b>�P�`�R��</b>�I��ł��������B<br><bot><font color=""blue"">�����Ă͂܂���̂��Ȃ��ꍇ���A�w�����Ĉ��ނƂ�����x�Ƃ����P�[�X��z�肵�Ă��������������B</font></bot>",""
"","","388","Q28_1","1","�R�[��",""
"","","389","Q28_2","2","�T�C�_�[",""
"","","390","Q28_3","3","�W���W���G�[��",""
"","","391","Q28_4","4","�������\�[�_",""
"","","392","Q28_5","5","�I�����W�W���[�X",""
"","","393","Q28_6","6","�A�b�v���W���[�X",""
"","","394","Q28_7","7","��؃W���[�X",""
"","","395","Q28_8","8","�g��",""
"","","396","Q28_9","9","�E�[������",""
"","","397","Q28_10","10","�Β�",""
"","","398","Q28_11","11","�J�t�F�I��",""
"","","399","Q28_12","12","���_�����i�J���s�X���j",""
"","","400","Q28_13","13","�~�l�����E�H�[�^�[",""
"","","401","Q28_14","14","�X�|�[�c�h�����N",""
"Q29","MA","","","","��Q��O�ɁA�t�Ɉ��݂����Ȃ�������<b>�P�`�R��</b>�I��ł��������B<br><bot><font color=""blue"">�����Ă͂܂���̂��Ȃ��ꍇ���A�w�����Ĉ��܂Ȃ����̂�I�ԂƂ�����x�Ƃ����P�[�X��z�肵�Ă��������������B</font></bot>",""
"","","402","Q29_1","1","�R�[��",""
"","","403","Q29_2","2","�T�C�_�[",""
"","","404","Q29_3","3","�W���W���G�[��",""
"","","405","Q29_4","4","�������\�[�_",""
"","","406","Q29_5","5","�I�����W�W���[�X",""
"","","407","Q29_6","6","�A�b�v���W���[�X",""
"","","408","Q29_7","7","��؃W���[�X",""
"","","409","Q29_8","8","�g��",""
"","","410","Q29_9","9","�E�[������",""
"","","411","Q29_10","10","�Β�",""
"","","412","Q29_11","11","�J�t�F�I��",""
"","","413","Q29_12","12","���_�����i�J���s�X���j",""
"","","414","Q29_13","13","�~�l�����E�H�[�^�[",""
"","","415","Q29_14","14","�X�|�[�c�h�����N",""
"Q30","SM","","","","��Q��O�Ɂu���݂����v�u���݂����Ȃ��v�����Ƃ��đI�΂Ȃ��������ݕ��ɂ��āA�u�ǂ��炩�Ƃ����Έ��݂����v�u�ǂ���ł��Ȃ��v�u�ǂ��炩�Ƃ����Έ��݂����Ȃ��v�ɕ��ނ��Ă��������B<bot><font color=""blue"">�����ꂼ��̕]�����Ƃ̑I������{���͖₢�܂��񂪁A�K���P��͂��I�т��������B</font></bot>",""
"","","416","Q30_1","","�R�[��",""
"","","","","1","�ǂ��炩�Ƃ����Έ��݂���",""
"","","","","2","�ǂ���ł��Ȃ�",""
"","","","","3","�ǂ��炩�Ƃ����Έ��݂����Ȃ�",""
"","","417","Q30_2","","�T�C�_�[",""
"","","","","1","�ǂ��炩�Ƃ����Έ��݂���",""
"","","","","2","�ǂ���ł��Ȃ�",""
"","","","","3","�ǂ��炩�Ƃ����Έ��݂����Ȃ�",""
"","","418","Q30_3","","�W���W���G�[��",""
"","","","","1","�ǂ��炩�Ƃ����Έ��݂���",""
"","","","","2","�ǂ���ł��Ȃ�",""
"","","","","3","�ǂ��炩�Ƃ����Έ��݂����Ȃ�",""
"","","419","Q30_4","","�������\�[�_",""
"","","","","1","�ǂ��炩�Ƃ����Έ��݂���",""
"","","","","2","�ǂ���ł��Ȃ�",""
"","","","","3","�ǂ��炩�Ƃ����Έ��݂����Ȃ�",""
"","","420","Q30_5","","�I�����W�W���[�X",""
"","","","","1","�ǂ��炩�Ƃ����Έ��݂���",""
"","","","","2","�ǂ���ł��Ȃ�",""
"","","","","3","�ǂ��炩�Ƃ����Έ��݂����Ȃ�",""
"","","421","Q30_6","","�A�b�v���W���[�X",""
"","","","","1","�ǂ��炩�Ƃ����Έ��݂���",""
"","","","","2","�ǂ���ł��Ȃ�",""
"","","","","3","�ǂ��炩�Ƃ����Έ��݂����Ȃ�",""
"","","422","Q30_7","","��؃W���[�X",""
"","","","","1","�ǂ��炩�Ƃ����Έ��݂���",""
"","","","","2","�ǂ���ł��Ȃ�",""
"","","","","3","�ǂ��炩�Ƃ����Έ��݂����Ȃ�",""
"","","423","Q30_8","","�g��",""
"","","","","1","�ǂ��炩�Ƃ����Έ��݂���",""
"","","","","2","�ǂ���ł��Ȃ�",""
"","","","","3","�ǂ��炩�Ƃ����Έ��݂����Ȃ�",""
"","","424","Q30_9","","�E�[������",""
"","","","","1","�ǂ��炩�Ƃ����Έ��݂���",""
"","","","","2","�ǂ���ł��Ȃ�",""
"","","","","3","�ǂ��炩�Ƃ����Έ��݂����Ȃ�",""
"","","425","Q30_10","","�Β�",""
"","","","","1","�ǂ��炩�Ƃ����Έ��݂���",""
"","","","","2","�ǂ���ł��Ȃ�",""
"","","","","3","�ǂ��炩�Ƃ����Έ��݂����Ȃ�",""
"","","426","Q30_11","","�J�t�F�I��",""
"","","","","1","�ǂ��炩�Ƃ����Έ��݂���",""
"","","","","2","�ǂ���ł��Ȃ�",""
"","","","","3","�ǂ��炩�Ƃ����Έ��݂����Ȃ�",""
"","","427","Q30_12","","���_�����i�J���s�X���j",""
"","","","","1","�ǂ��炩�Ƃ����Έ��݂���",""
"","","","","2","�ǂ���ł��Ȃ�",""
"","","","","3","�ǂ��炩�Ƃ����Έ��݂����Ȃ�",""
"","","428","Q30_13","","�~�l�����E�H�[�^�[",""
"","","","","1","�ǂ��炩�Ƃ����Έ��݂���",""
"","","","","2","�ǂ���ł��Ȃ�",""
"","","","","3","�ǂ��炩�Ƃ����Έ��݂����Ȃ�",""
"","","429","Q30_14","","�X�|�[�c�h�����N",""
"","","","","1","�ǂ��炩�Ƃ����Έ��݂���",""
"","","","","2","�ǂ���ł��Ȃ�",""
"","","","","3","�ǂ��炩�Ƃ����Έ��݂����Ȃ�",""
"Q31","MA","","","","<top><b><font color=""#FF9900"" size=""3"">���p�[�e�B�[�≃��̂Ƃ��ɂ��Ă��������������B</font></b></top>�p�[�e�B�[�≃��̂Ƃ��Ɉ��ނƂ���΂ǂ�����݂܂����B���݂����y�b�g�{�g��������<b>�P�`�R��</b>�I��ł��������B<bot><font color=""blue"">�����Ă͂܂���̂��Ȃ��ꍇ���A�w�����Ĉ��ނƂ�����x�Ƃ����P�[�X��z�肵�Ă��������������B</font></bot>",""
"","","430","Q31_1","1","�R�[��",""
"","","431","Q31_2","2","�T�C�_�[",""
"","","432","Q31_3","3","�W���W���G�[��",""
"","","433","Q31_4","4","�������\�[�_",""
"","","434","Q31_5","5","�I�����W�W���[�X",""
"","","435","Q31_6","6","�A�b�v���W���[�X",""
"","","436","Q31_7","7","��؃W���[�X",""
"","","437","Q31_8","8","�g��",""
"","","438","Q31_9","9","�E�[������",""
"","","439","Q31_10","10","�Β�",""
"","","440","Q31_11","11","�J�t�F�I��",""
"","","441","Q31_12","12","���_�����i�J���s�X���j",""
"","","442","Q31_13","13","�~�l�����E�H�[�^�[",""
"","","443","Q31_14","14","�X�|�[�c�h�����N",""
"Q32","MA","","","","�p�[�e�B�[�≃��̂Ƃ��ɁA�t�Ɉ��݂����Ȃ�������<b>�P�`�R��</b>�I��ł��������B<br><bot><font color=""blue"">�����Ă͂܂���̂��Ȃ��ꍇ���A�w�����Ĉ��܂Ȃ����̂�I�ԂƂ�����x�Ƃ����P�[�X��z�肵�Ă��������������B</font></bot>",""
"","","444","Q32_1","1","�R�[��",""
"","","445","Q32_2","2","�T�C�_�[",""
"","","446","Q32_3","3","�W���W���G�[��",""
"","","447","Q32_4","4","�������\�[�_",""
"","","448","Q32_5","5","�I�����W�W���[�X",""
"","","449","Q32_6","6","�A�b�v���W���[�X",""
"","","450","Q32_7","7","��؃W���[�X",""
"","","451","Q32_8","8","�g��",""
"","","452","Q32_9","9","�E�[������",""
"","","453","Q32_10","10","�Β�",""
"","","454","Q32_11","11","�J�t�F�I��",""
"","","455","Q32_12","12","���_�����i�J���s�X���j",""
"","","456","Q32_13","13","�~�l�����E�H�[�^�[",""
"","","457","Q32_14","14","�X�|�[�c�h�����N",""
"Q33","SM","","","","�p�[�e�B�[�≃��̂Ƃ��Ɂu���݂����v�u���݂����Ȃ��v�����Ƃ��đI�΂Ȃ��������ݕ��ɂ��āA�u�ǂ��炩�Ƃ����Έ��݂����v�u�ǂ���ł��Ȃ��v�u�ǂ��炩�Ƃ����Έ��݂����Ȃ��v�ɕ��ނ��Ă��������B<br><bot><font color=""blue"">�����ꂼ��̕]�����Ƃ̑I������{���͖₢�܂��񂪁A�K���P��͂��I�т��������B<br></font></bot>",""
"","","458","Q33_1","","�R�[��",""
"","","","","1","�ǂ��炩�Ƃ����Έ��݂���",""
"","","","","2","�ǂ���ł��Ȃ�",""
"","","","","3","�ǂ��炩�Ƃ����Έ��݂����Ȃ�",""
"","","459","Q33_2","","�T�C�_�[",""
"","","","","1","�ǂ��炩�Ƃ����Έ��݂���",""
"","","","","2","�ǂ���ł��Ȃ�",""
"","","","","3","�ǂ��炩�Ƃ����Έ��݂����Ȃ�",""
"","","460","Q33_3","","�W���W���G�[��",""
"","","","","1","�ǂ��炩�Ƃ����Έ��݂���",""
"","","","","2","�ǂ���ł��Ȃ�",""
"","","","","3","�ǂ��炩�Ƃ����Έ��݂����Ȃ�",""
"","","461","Q33_4","","�������\�[�_",""
"","","","","1","�ǂ��炩�Ƃ����Έ��݂���",""
"","","","","2","�ǂ���ł��Ȃ�",""
"","","","","3","�ǂ��炩�Ƃ����Έ��݂����Ȃ�",""
"","","462","Q33_5","","�I�����W�W���[�X",""
"","","","","1","�ǂ��炩�Ƃ����Έ��݂���",""
"","","","","2","�ǂ���ł��Ȃ�",""
"","","","","3","�ǂ��炩�Ƃ����Έ��݂����Ȃ�",""
"","","463","Q33_6","","�A�b�v���W���[�X",""
"","","","","1","�ǂ��炩�Ƃ����Έ��݂���",""
"","","","","2","�ǂ���ł��Ȃ�",""
"","","","","3","�ǂ��炩�Ƃ����Έ��݂����Ȃ�",""
"","","464","Q33_7","","��؃W���[�X",""
"","","","","1","�ǂ��炩�Ƃ����Έ��݂���",""
"","","","","2","�ǂ���ł��Ȃ�",""
"","","","","3","�ǂ��炩�Ƃ����Έ��݂����Ȃ�",""
"","","465","Q33_8","","�g��",""
"","","","","1","�ǂ��炩�Ƃ����Έ��݂���",""
"","","","","2","�ǂ���ł��Ȃ�",""
"","","","","3","�ǂ��炩�Ƃ����Έ��݂����Ȃ�",""
"","","466","Q33_9","","�E�[������",""
"","","","","1","�ǂ��炩�Ƃ����Έ��݂���",""
"","","","","2","�ǂ���ł��Ȃ�",""
"","","","","3","�ǂ��炩�Ƃ����Έ��݂����Ȃ�",""
"","","467","Q33_10","","�Β�",""
"","","","","1","�ǂ��炩�Ƃ����Έ��݂���",""
"","","","","2","�ǂ���ł��Ȃ�",""
"","","","","3","�ǂ��炩�Ƃ����Έ��݂����Ȃ�",""
"","","468","Q33_11","","�J�t�F�I��",""
"","","","","1","�ǂ��炩�Ƃ����Έ��݂���",""
"","","","","2","�ǂ���ł��Ȃ�",""
"","","","","3","�ǂ��炩�Ƃ����Έ��݂����Ȃ�",""
"","","469","Q33_12","","���_�����i�J���s�X���j",""
"","","","","1","�ǂ��炩�Ƃ����Έ��݂���",""
"","","","","2","�ǂ���ł��Ȃ�",""
"","","","","3","�ǂ��炩�Ƃ����Έ��݂����Ȃ�",""
"","","470","Q33_13","","�~�l�����E�H�[�^�[",""
"","","","","1","�ǂ��炩�Ƃ����Έ��݂���",""
"","","","","2","�ǂ���ł��Ȃ�",""
"","","","","3","�ǂ��炩�Ƃ����Έ��݂����Ȃ�",""
"","","471","Q33_14","","�X�|�[�c�h�����N",""
"","","","","1","�ǂ��炩�Ƃ����Έ��݂���",""
"","","","","2","�ǂ���ł��Ȃ�",""
"","","","","3","�ǂ��炩�Ƃ����Έ��݂����Ȃ�",""
"Q34","SM","","","","�ȉ��̐H�ו��ɂ��āA�D��ŐH�ׂ�i���ށj���ǂ������T�i�K�i�u�D��ŐH�ׂ�i���ށj�v�u�ǂ��炩�Ƃ����΍D�ށv�u�ǂ���ł��Ȃ��v�u�ǂ��炩�Ƃ����΍D�܂Ȃ��v�u�D�܂Ȃ��v�j�œ����Ă��������B",""
"","","472","Q34_1","","�a�H",""
"","","","","1","�D��ŐH�ׂ�i���ށj",""
"","","","","2","�ǂ��炩�Ƃ�����<br>�D��",""
"","","","","3","�ǂ���ł��Ȃ�",""
"","","","","4","�ǂ��炩�Ƃ�����<br>�D�܂Ȃ�",""
"","","","","5","�D�܂Ȃ�",""
"","","473","Q34_2","","����",""
"","","","","1","�D��ŐH�ׂ�i���ށj",""
"","","","","2","�ǂ��炩�Ƃ�����<br>�D��",""
"","","","","3","�ǂ���ł��Ȃ�",""
"","","","","4","�ǂ��炩�Ƃ�����<br>�D�܂Ȃ�",""
"","","","","5","�D�܂Ȃ�",""
"","","474","Q34_3","","�t�����`",""
"","","","","1","�D��ŐH�ׂ�i���ށj",""
"","","","","2","�ǂ��炩�Ƃ�����<br>�D��",""
"","","","","3","�ǂ���ł��Ȃ�",""
"","","","","4","�ǂ��炩�Ƃ�����<br>�D�܂Ȃ�",""
"","","","","5","�D�܂Ȃ�",""
"","","475","Q34_4","","�C�^���A��",""
"","","","","1","�D��ŐH�ׂ�i���ށj",""
"","","","","2","�ǂ��炩�Ƃ�����<br>�D��",""
"","","","","3","�ǂ���ł��Ȃ�",""
"","","","","4","�ǂ��炩�Ƃ�����<br>�D�܂Ȃ�",""
"","","","","5","�D�܂Ȃ�",""
"","","476","Q34_5","","�G�X�j�b�N����",""
"","","","","1","�D��ŐH�ׂ�i���ށj",""
"","","","","2","�ǂ��炩�Ƃ�����<br>�D��",""
"","","","","3","�ǂ���ł��Ȃ�",""
"","","","","4","�ǂ��炩�Ƃ�����<br>�D�܂Ȃ�",""
"","","","","5","�D�܂Ȃ�",""
"","","477","Q34_6","","���΁E���ǂ�",""
"","","","","1","�D��ŐH�ׂ�i���ށj",""
"","","","","2","�ǂ��炩�Ƃ�����<br>�D��",""
"","","","","3","�ǂ���ł��Ȃ�",""
"","","","","4","�ǂ��炩�Ƃ�����<br>�D�܂Ȃ�",""
"","","","","5","�D�܂Ȃ�",""
"","","478","Q34_7","","���[����",""
"","","","","1","�D��ŐH�ׂ�i���ށj",""
"","","","","2","�ǂ��炩�Ƃ�����<br>�D��",""
"","","","","3","�ǂ���ł��Ȃ�",""
"","","","","4","�ǂ��炩�Ƃ�����<br>�D�܂Ȃ�",""
"","","","","5","�D�܂Ȃ�",""
"","","479","Q34_8","","�m�َq�i�P�[�L�Ȃǁj",""
"","","","","1","�D��ŐH�ׂ�i���ށj",""
"","","","","2","�ǂ��炩�Ƃ�����<br>�D��",""
"","","","","3","�ǂ���ł��Ȃ�",""
"","","","","4","�ǂ��炩�Ƃ�����<br>�D�܂Ȃ�",""
"","","","","5","�D�܂Ȃ�",""
"","","480","Q34_9","","�a�َq",""
"","","","","1","�D��ŐH�ׂ�i���ށj",""
"","","","","2","�ǂ��炩�Ƃ�����<br>�D��",""
"","","","","3","�ǂ���ł��Ȃ�",""
"","","","","4","�ǂ��炩�Ƃ�����<br>�D�܂Ȃ�",""
"","","","","5","�D�܂Ȃ�",""
"","","481","Q34_10","","��",""
"","","","","1","�D��ŐH�ׂ�i���ށj",""
"","","","","2","�ǂ��炩�Ƃ�����<br>�D��",""
"","","","","3","�ǂ���ł��Ȃ�",""
"","","","","4","�ǂ��炩�Ƃ�����<br>�D�܂Ȃ�",""
"","","","","5","�D�܂Ȃ�",""
"Q35","SM","","","","���Ȃ��͗]�Ɏ��Ԃ��ǂ̂悤�ɉ߂����̂��D���ł����B�T�i�K�i�u�D��ł���v�u�ǂ��炩�Ƃ����΍D�ށv�u�ǂ���ł��Ȃ��v�u�ǂ��炩�Ƃ����΍D�܂Ȃ��v�u�D�܂Ȃ��v�j�œ����Ă��������B",""
"","","482","Q35_1","","�s�u�E�r�f�I�ӏ�",""
"","","","","1","�D��ł���",""
"","","","","2","�ǂ��炩�Ƃ�����<br>�D��",""
"","","","","3","�ǂ���ł��Ȃ�",""
"","","","","4","�ǂ��炩�Ƃ�����<br>�D�܂Ȃ�",""
"","","","","5","�D�܂Ȃ�",""
"","","483","Q35_2","","�s�u�Q�[��",""
"","","","","1","�D��ł���",""
"","","","","2","�ǂ��炩�Ƃ�����<br>�D��",""
"","","","","3","�ǂ���ł��Ȃ�",""
"","","","","4","�ǂ��炩�Ƃ�����<br>�D�܂Ȃ�",""
"","","","","5","�D�܂Ȃ�",""
"","","484","Q35_3","","�Ǐ��E����",""
"","","","","1","�D��ł���",""
"","","","","2","�ǂ��炩�Ƃ�����<br>�D��",""
"","","","","3","�ǂ���ł��Ȃ�",""
"","","","","4","�ǂ��炩�Ƃ�����<br>�D�܂Ȃ�",""
"","","","","5","�D�܂Ȃ�",""
"","","485","Q35_4","","�X�|�[�c�E�G�N�T�T�C�Y",""
"","","","","1","�D��ł���",""
"","","","","2","�ǂ��炩�Ƃ�����<br>�D��",""
"","","","","3","�ǂ���ł��Ȃ�",""
"","","","","4","�ǂ��炩�Ƃ�����<br>�D�܂Ȃ�",""
"","","","","5","�D�܂Ȃ�",""
"","","486","Q35_5","","�A�E�g�h�A�E���W���[",""
"","","","","1","�D��ł���",""
"","","","","2","�ǂ��炩�Ƃ�����<br>�D��",""
"","","","","3","�ǂ���ł��Ȃ�",""
"","","","","4","�ǂ��炩�Ƃ�����<br>�D�܂Ȃ�",""
"","","","","5","�D�܂Ȃ�",""
"","","487","Q35_6","","�h���C�u",""
"","","","","1","�D��ł���",""
"","","","","2","�ǂ��炩�Ƃ�����<br>�D��",""
"","","","","3","�ǂ���ł��Ȃ�",""
"","","","","4","�ǂ��炩�Ƃ�����<br>�D�܂Ȃ�",""
"","","","","5","�D�܂Ȃ�",""
